rank,id,doctor_id,practice_id,image_url,profile_url,doctor_name,specialization,qualification,college,completion_year,qualification,college,completion_year,experience_years,practice_city,practice_locality,practice_type,practice_name,consultation_fees,summary,recommendation_percent,patients_count,reviews_count,timestamp,position,
1,742896,1020198,1274844,https://imagesx.practo.com/providers/dr-gautam-gupta-orthopedic-surgeon-kolkata-f68ae234-169e-4bf5-9105-f4b9f0f06db1.jpg,/kolkata/doctor/dr-gautam-gupta-1-orthopedist?practice_id=1274844&specialization=Orthopedist&referrer=doctor_listing&page_uid=2bb670cd-12d8-42d8-bddd-28cba061c9d3,Dr. Gautam Gupta,Orthopedist,MBBS,University Of Calcutta,2008,MS - Orthopaedics,The West Bengal University of Health Science ,2012,15,Kolkata,Beliaghata,Clinic,Techno India Dama Healthcare & Medical Centre,700,"Meet Dr. Gautam Gupta, a highly respected orthopedic surgeon with over 14 years of specialized experience. Dr. Gupta is renowned for his expertise in advanced procedures including knee and hip replacements, ligament injuries, sports trauma, and fractures. Having received extensive international training in the Netherlands and Germany, Dr. Gupta brings a global perspective to his practice. Currently serving as a Consultant Orthopedic Surgeon in Kolkata, Dr. Gupta is dedicated to providing compassionate and high-quality orthopedic care to each patient.  Trust Dr. Gautam Gupta to create personalized treatment plans tailored to your orthopedic needs, ensuring optimal outcomes and a path towards better orthopedic health.  Specializations:  Total Knee Replacement (TKR) Partial Knee Replacement (PKR) Minimally Invasive Knee Replacement Robotic-Assisted Knee Replacement Custom Knee Replacement Revision Knee Replacement Total Hip Replacement (THR) Partial Hip Replacement (Hemiarthroplasty) Hip Resurfacing Minimally Invasive Hip Replacement Anterior Hip Replacement Robotic-Assisted Hip Replacement Revision Hip Replacement Anterior Cruciate Ligament (ACL) Reconstruction Posterior Cruciate Ligament (PCL) Reconstruction Medial Collateral Ligament (MCL) Repair Lateral Collateral Ligament (LCL) Reconstruction Arthroscopic Meniscus Repair Arthroscopic Rotator Cuff Repair Ankle Ligament Reconstruction Elbow Ligament Reconstruction (Tommy John Surgery) Sports Injury Management Fracture and Trauma Surgery Open Reduction Internal Fixation (ORIF) Closed Reduction Internal Fixation (CRIF) External Fixation Intramedullary Nailing Plating and Screws Bone Grafting Joint Reconstruction Minimally Invasive Fracture Surgery Reconstructive Surgery Pelvic Fracture Stabilization Fracture Debridement and Cleaning Rehabilitative Procedures For more information, visit: https://bonedoctorgautam. Com/",50,2,2,"8/7/2024, 3:04:26 PM",1
2,836778,738243,659849,https://imagesx.practo.com/providers/dr-biplab-dolui-orthopedic-surgeon-kolkata-5adbee88-6538-4494-a8bb-ea689163a4f8.jpg,/kolkata/doctor/dr-biplab-dolui-orthopedist?practice_id=659849&specialization=Orthopedist&referrer=doctor_listing&page_uid=2bb670cd-12d8-42d8-bddd-28cba061c9d3,Dr. Biplab Dolui,Orthopedist,MBBS,University Of Calcutta,1997,MS - Orthopaedics,University Of Calcutta,2003,21,Kolkata,Alipore,Hospital,Kothari Medical Centre,1000,,100,1,0,"8/7/2024, 3:04:26 PM",2
3,46078,75863,635703,https://imagesx.practo.com/providers/dr-amitava-narayan-mukherjee-orthopedic-surgeon-kolkata-9067401d-3b4f-4709-a412-dd744dcf8c7d.jpg,/kolkata/doctor/dr-amitava-narayan-mukherjee-orthopedist?practice_id=635703&specialization=Orthopedist&referrer=doctor_listing&page_uid=2bb670cd-12d8-42d8-bddd-28cba061c9d3,Dr. Amitava Narayan Mukherjee,Orthopedist,MBBS,"Government Medical College, Jammu",1986,M.Ch - Orthopaedics,University of Dundee (U.K),2018,38,Kolkata,Baguihati,Clinic,Med 7  Clinic,1500,"Dr. Amitava Narayan Mukherjee is an Orthopedist in Baguihati, Kolkata. Dr. Amitava Narayan Mukherjee practices at Orthopaedic & Joint Replacement Welfare Clinic in Baguihati, Kolkata. He completed MBBS, MS - Orthopaedics and M.Ch.  He is a member of Indian Orthopaedic Association and West Bengal Orthopaedic Association.   Dr. Amitava has more than 20 years of experience and is celebrated and much loved amongst both his patients and his peers.",90,372,115,"8/7/2024, 3:04:26 PM",4
4,575114,508478,1142246,https://imagesx.practo.com/providers/dr-saumitra-sircar-orthopedic-surgeon-kolkata-3e6126ea-c371-439b-ad70-43216dad822d.jpg,/kolkata/doctor/saumitra-sircar-orthopedist?practice_id=1142246&specialization=Orthopedist&referrer=doctor_listing&page_uid=2bb670cd-12d8-42d8-bddd-28cba061c9d3,Dr. Saumitra Sircar,Orthopedist,DNB - Orthopedics/Orthopedic Surgery,"All India Institute of Medical Sciences, New Delhi",2004,MS - General Surgery,"Armed Forces Medical College (AFMC), Pune",1995,38,Kolkata,L.R.Sarani,Clinic,HealthCheck,700,"Dr. Saumitra Sircar has a long experience in treatment of complex trauma, joint replacement and arthroscopic surgery with excellent outcomes. Most of the techniques of surgery used by him were learned during his training in AIIMS New Delhi and he has added further innovations to it based on his own experience. A perfect technique of surgery leading to best longtime outcomes is his priority rather than a fast surgery or a large volume.",100,54,39,"8/7/2024, 3:04:26 PM",5
5,686857,593401,1033173,https://imagesx.practo.com/providers/dr-ritwik-ganguli-orthopedic-surgeon-kolkata-a25bdc0d-4a64-401a-a542-79417e97465f.jpg,/kolkata/doctor/dr-ritwik-ganguly-orthopedist?practice_id=1033173&specialization=Orthopedist&referrer=doctor_listing&page_uid=2bb670cd-12d8-42d8-bddd-28cba061c9d3,Dr. Ritwik Ganguli,Orthopedist,MBBS,"North Bengal Medical College and Hospital, Siliguri",2009,DNB - Orthopedics/Orthopedic Surgery,"North Bengal Medical College and Hospital, Siliguri",2013,15,Kolkata,Dhakuria,Hospital,Manipal Hospitals,800,Dr. Ritwik Ganguli is an Orthopedic surgeon with an experience of 6 years in this field. The doctor also specializes in Arthroscopy and sports surgery. The doctor has experiences and competencies. ,83,18,11,"8/7/2024, 3:04:26 PM",6
6,706813,798953,735842,https://imagesx.practo.com/providers/dr-subhadip-mandal-orthopedic-surgeon-kolkata-521dd1d4-a8e1-4f5b-9f6e-45a4d8cc000e.jpg,/kolkata/doctor/dr-subhadip-mandal-orthopedist?practice_id=735842&specialization=Orthopedist&referrer=doctor_listing&page_uid=2bb670cd-12d8-42d8-bddd-28cba061c9d3,Dr. Subhadip Mandal,Orthopedist,MBBS,West Bengal of University of Health Sciences,2009,MS - Orthopaedics,West Bengal University of Health Sciences,2014,15,Kolkata,Salt Lake,Hospital,Manipal Hospital Broadway,1000,,100,2,2,"8/7/2024, 3:04:26 PM",7
7,320528,344067,783140,https://imagesx.practo.com/providers/dr-bappaditya-sarkar-orthopedic-surgeon-kolkata-77d3d65f-9f5d-4ccc-bc09-c73caa4ea5da.jpg,/kolkata/doctor/dr-bappaditya-sarkar-orthopedist?practice_id=783140&specialization=Orthopedist&referrer=doctor_listing&page_uid=2bb670cd-12d8-42d8-bddd-28cba061c9d3,Dr. Bappaditya Sarkar,Orthopedist,MBBS,Calcutta University,2002,Diploma in Orthopaedics,THE WEST BENGAL UNIVERSITY OF HEALTH SCIENCES,2009,22,Kolkata,Jodhpur Park,Clinic,Ashok Polyclinic Nursing Home,800,"Dr. Bappaditya Sarkar is an Orthopedics, Trauma and Minimally invasive Surgeon and has been practicing for last 18 years. He is an expert Trauma and Emergency surgeon and performs a range of Minimally invasive surgeries too. Some of the areas that he is specialized are surgeries for Fractures and limb surgeries, arthritis treatment and Keyhole surgeries. Dr. Sarkar operates at multiple clinics in Kolkata, providing world-class treatment at cost-effective prices. Being an experienced doctor, his fellows and counterparts often approach him for discussing complicated issues. Whenever he operates upon a patient, he makes sure all the procedures are aptly followed leaving no stone unturned to give the possible medical service.  The doctor has done his MBBS from Calcutta National Medical College in the year 2002. He has pursued his diploma in orthopedics in the year 2009 and has undergone MS degree in Surgery in the year 2012. All the qualifications are from Calcutta National Medical College.   The doctor has undertaken a special course in Fellowship in Minimal Access Surgery from IPGMER in the year 2016. He had an excellent academic career and has been a great reputed professional among his peer group.",96,48,26,"8/7/2024, 3:04:26 PM",8
8,691328,759270,1237847,https://imagesx.practo.com/providers/dr-prakash-mukherjee-orthopedic-surgeon-kolkata-069c4c85-7ab8-43a5-9071-83e9744036d1.jpg,/kolkata/doctor/prakash-mukherjee-orthopedist?practice_id=1237847&specialization=Orthopedist&referrer=doctor_listing&page_uid=2bb670cd-12d8-42d8-bddd-28cba061c9d3,Dr. Prakash Mukherjee,Orthopedist,MBBS,Dibrugarh University,1975,Diploma in Orthopaedics,Calcutta University,1978,46,Kolkata,Sarat Bose Road,Clinic,Aloka Medicare Pvt. Ltd. (Formerly Calcutta Heart ),1200,,50,2,0,"8/7/2024, 3:04:26 PM",10
9,931115,1146771,1465502,https://imagesx.practo.com/providers/dr-mainak-chandra-orthotist-kolkata-956cba20-eb3f-422c-a372-7b5d3fcb71bc.jpg,/kolkata/doctor/mainak-chandra-orthotist?practice_id=1465502&specialization=Orthopedist&referrer=doctor_listing&page_uid=2bb670cd-12d8-42d8-bddd-28cba061c9d3,Dr. Mainak Chandra,Orthopedist,MBBS,Calcutta University,2008,MS - Orthopaedics,The West Bengal university of health & Sciences,2012,15,Kolkata,Beliaghata,Clinic,Apollo Clinic,1000,,100,1,1,"8/7/2024, 3:04:26 PM",11
10,926626,1141601,1462858,https://imagesx.practo.com/providers/dr-anand-kumar-gupta-orthopedic-surgeon-kolkata-b6d98248-68c9-41db-bf19-8236b70bdf75.jpg,/kolkata/doctor/yash-12-physiotherapist?practice_id=1462858&specialization=Orthopedist&referrer=doctor_listing&page_uid=2bb670cd-12d8-42d8-bddd-28cba061c9d3,Dr. Anand Kumar Gupta,Orthopedist,MBBS,West Bengal State University,2017,MS - Orthopaedics,Delhi University,2021,7,Kolkata,Chittaranjan Avenue,Clinic,Pro Care,1000,,,0,0,"8/7/2024, 3:04:26 PM",12
11,754411,900587,735842,https://imagesx.practo.com/providers/dr-rajeev-raman-orthopedic-surgeon-kolkata-ba4d872c-9cde-46c4-8428-1338599f9caa.jpg,/kolkata/doctor/rajeev-raman-orthopedist?practice_id=735842&specialization=Orthopedist&referrer=doctor_listing&page_uid=b99ddf82-eccb-4f2f-b901-f47899964a57,Dr. Rajeev Raman,Orthopedist,MBBS,"The West Bengal University of Health Sciences (WBUHS), Kolkata",2003,MS - Orthopaedics,West Bengal State University,2007,21,Kolkata,Salt Lake,Hospital,Manipal Hospital Broadway,1000,Consultant Arthroscopy and Arthroplasty surgeon,50,4,2,"8/7/2024, 3:04:26 PM",0
12,822012,999977,1033173,https://imagesx.practo.com/providers/dr-rajendra-singh-gaheer-orthopedic-surgeon-kolkata-aa88c908-9ea1-4157-ab23-485797385ac2.jpg,/kolkata/doctor/dr-rajendra-singh-gaheer-orthopedist?practice_id=1033173&specialization=Orthopedist&referrer=doctor_listing&page_uid=b99ddf82-eccb-4f2f-b901-f47899964a57,Dr. Rajendra Singh Gaheer,Orthopedist,MBBS,Calcutta University,1997,MS - Orthopaedics,Calcutta University,2002,27,Kolkata,Dhakuria,Hospital,Manipal Hospitals,1000,,100,6,2,"8/7/2024, 3:04:26 PM",1
13,846142,1036405,1033173,https://imagesx.practo.com/providers/dr-gautam-saha-orthopedic-surgeon-kolkata-2793e6dd-e72b-439a-8871-00e691422c0b.jpg,/kolkata/doctor/dr-gautam-saha-1-orthopedist?practice_id=1033173&specialization=Orthopedist&referrer=doctor_listing&page_uid=b99ddf82-eccb-4f2f-b901-f47899964a57,Dr. Gautam Saha,Orthopedist,MBBS,Calcutta University,1984,MS - Orthopaedics,"All India Institute of Medical Sciences, New Delhi",1988,36,Kolkata,Dhakuria,Hospital,Manipal Hospitals,1500,,75,4,2,"8/7/2024, 3:04:26 PM",2
14,706470,101539,1033173,https://imagesx.practo.com/providers/dr-rajib-basu-orthopedic-surgeon-kolkata-bc733412-027f-4eb3-8b44-4c58aa4b6fc5.jpg,/kolkata/doctor/dr-rajib-basu-orthopedist?practice_id=1033173&specialization=Orthopedist&referrer=doctor_listing&page_uid=b99ddf82-eccb-4f2f-b901-f47899964a57,Dr. Rajib Basu,Orthopedist,MBBS,Calcutta University,1995,MRCS (UK),"Royal College of Surgeons of Edinburgh (RCSE), U.K",2001,29,Kolkata,Dhakuria,Hospital,Manipal Hospitals,1500,,70,10,8,"8/7/2024, 3:04:26 PM",3
15,687656,594811,735842,https://imagesx.practo.com/providers/dr-b-k-saha-orthopedic-surgeon-kolkata-e9dff08a-4eb9-4893-b6d3-144cc04ea77e.jpg,/kolkata/doctor/dr-b-k-saha-orthopedist?practice_id=735842&specialization=Orthopedist&referrer=doctor_listing&page_uid=b99ddf82-eccb-4f2f-b901-f47899964a57,Dr. B K Saha,Orthopedist,MBBS,Chittagong Medical College and Hospital,1983,MS - Orthopaedics,University Of Dhaka,2000,24,Kolkata,Salt Lake,Hospital,Manipal Hospital Broadway,1000,,100,2,1,"8/7/2024, 3:04:26 PM",4
16,686853,752395,1033173,https://imagesx.practo.com/providers/dr-bikash-chandra-mondal-orthopedic-surgeon-kolkata-c7b86b4b-2fd6-40c2-b30f-41edb494fa22.jpg,/kolkata/doctor/dr-bikash-chandra-mondal-orthopedist?practice_id=1033173&specialization=Orthopedist&referrer=doctor_listing&page_uid=b99ddf82-eccb-4f2f-b901-f47899964a57,Dr. Bikash Chandra Mondal,Orthopedist,MBBS,Calcutta University,2005,MS - Orthopaedics,West Bengal University of Healthy Science,2012,19,Kolkata,Dhakuria,Hospital,Manipal Hospitals,800,,50,2,1,"8/7/2024, 3:04:26 PM",5
17,733350,885109,735842,https://imagesx.practo.com/providers/dr-tanmoy-karmakar-orthopedic-surgeon-kolkata-43bc5220-7853-4f17-8598-c0fbbdf2385b.jpg,/kolkata/doctor/tanmoy-karmakar-orthopedist?practice_id=735842&specialization=Orthopedist&referrer=doctor_listing&page_uid=b99ddf82-eccb-4f2f-b901-f47899964a57,Dr. Tanmoy Karmakar,Orthopedist,MBBS, R. G. Kar Medical College and Hospital,2011,MS - Orthopaedics, R. G. Kar Medical College and Hospital,2015,13,Kolkata,Salt Lake,Hospital,Manipal Hospital Broadway,1000,,50,8,2,"8/7/2024, 3:04:26 PM",6
18,896442,1047573,1137685,https://imagesx.practo.com/providers/dr-keshav-digga-orthopedic-surgeon-kolkata-a56f7bfc-c54f-4465-9cc0-e1081ffe0458.jpg,/kolkata/doctor/keshav-digga-orthopedist?practice_id=1137685&specialization=Orthopedist&referrer=doctor_listing&page_uid=b99ddf82-eccb-4f2f-b901-f47899964a57,Dr. Keshav Digga,Orthopedist,MBBS,"KLE University, Belgaum",2017,MS - Orthopaedics,DY Patil University,2021,7,Kolkata,Bhawanipore,Clinic,Gajanan Clinic,800,,,0,0,"8/7/2024, 3:04:26 PM",7
19,835025,1020200,1274844,https://imagesx.practo.com/providers/dr-sanjay-kumar-orthopedic-surgeon-kolkata-70edd760-481f-42f0-aa10-8729c9d24d28.jpg,/kolkata/doctor/dr-sanjay-kumar-14-orthopedist?practice_id=1274844&specialization=Orthopedist&referrer=doctor_listing&page_uid=b99ddf82-eccb-4f2f-b901-f47899964a57,Dr. Sanjay Kumar,Orthopedist,MBBS,The West Bengal University of Health Science ,2009,MS - Orthopaedics,The West Bengal University of Health Science ,2016,13,Kolkata,Beliaghata,Clinic,Techno India Dama Healthcare & Medical Centre,600,,,0,0,"8/7/2024, 3:04:26 PM",8
20,676880,295319,1250516,https://imagesx.practo.com/providers/dr-bishal-bhagat-orthopedic-surgeon-kolkata-1bab17b1-b21b-4f07-a865-acc67fe1ec09.jpg,/kolkata/doctor/dr-bishal-bhagat-orthopedist?practice_id=1250516&specialization=Orthopedist&referrer=doctor_listing&page_uid=b99ddf82-eccb-4f2f-b901-f47899964a57,Dr. Bishal Bhagat,Orthopedist,MBBS,Nil Ratan Sircar medical college,2000,DNB - Orthopedics/Orthopedic Surgery,"National Board of Examination, India",2011,24,Kolkata,Mukundapur,Hospital,Manipal Hospitals,1000,,100,18,13,"8/7/2024, 3:04:26 PM",9
21,873141,903645,1250516,https://imagesx.practo.com/providers/dr-nirmalya-deb-ortho-surgeon-kolkata-7d891532-e92d-4783-a875-e460d2d0b7d3.jpg,/kolkata/doctor/nirmalya-deb-ortho-surgeon?practice_id=1250516&specialization=Orthopedist&referrer=doctor_listing&page_uid=313e1d57-92f3-42a3-acd2-786d7174e4a0,Dr. Nirmalya Deb,Orthopedist,MBBS,Calcutta University,2001,Diploma in Orthopaedics,"The West Bengal University of Health Sciences (WBUHS), Kolkata",2007,23,Kolkata,Mukundapur,Hospital,Manipal Hospitals,1000,"Dr. Nirmalya Deb had done MCh Orth (UK), MSc Orth (UK), D Orth (Cal), MBBS (Cal), GK Arthroscopy Fellow(Coimbatore, India) Arthroplasty Fellow (DePuy,India)",,0,0,"8/7/2024, 3:04:26 PM",0
22,849869,896683,1250516,https://imagesx.practo.com/providers/dr-soham-mandal-orthopedic-surgeon-kolkata-23ccd094-b11a-4fb6-a89c-82c8dd76d6e2.jpg,/kolkata/doctor/dr-soham-mandal-orthopedist?practice_id=1250516&specialization=Orthopedist&referrer=doctor_listing&page_uid=313e1d57-92f3-42a3-acd2-786d7174e4a0,Dr. Soham Mandal,Orthopedist,MBBS,"Medical College, Calcutta",2012,DNB - Orthopedics/Orthopedic Surgery,"National Board of Education, New Delhi",2017,12,Kolkata,Mukundapur,Hospital,Manipal Hospitals,1000,,100,4,0,"8/7/2024, 3:04:26 PM",1
23,551403,377969,735842,https://imagesx.practo.com/providers/dr-abhishek-saha-orthopedic-surgeon-kolkata-95e26715-e975-4b04-9faa-6acecf6b0d8f.jpg,/kolkata/doctor/drabhishek-saha-orthopedist?practice_id=735842&specialization=Orthopedist&referrer=doctor_listing&page_uid=313e1d57-92f3-42a3-acd2-786d7174e4a0,Dr. Abhishek Saha,Orthopedist,MBBS,"Maharashtra Universtity of Health Sciences, Nashik",2006,DNB - Orthopedics/Orthopedic Surgery,"DNB board, New Delhi",2013,14,Kolkata,Salt Lake,Hospital,Manipal Hospital Broadway,800,,100,6,3,"8/7/2024, 3:04:26 PM",2
24,741695,895393,660156,https://imagesx.practo.com/providers/dr-abhirup-moulik-orthopedic-surgeon-kolkata-313a6087-31cf-4962-8acf-f38fe7f34674.jpg,/kolkata/doctor/dr-abhirup-moulik-orthopedist?practice_id=660156&specialization=Orthopedist&referrer=doctor_listing&page_uid=313e1d57-92f3-42a3-acd2-786d7174e4a0,Dr. Abhirup Moulik,Orthopedist,MBBS,Calcutta University,1995,Diploma in Orthopaedics,Calcutta University,2000,29,Kolkata,Southern Avenue,Hospital,AMRI Medical Centre,700,,100,2,2,"8/7/2024, 3:04:26 PM",3
25,786226,593399,1250516,https://imagesx.practo.com/providers/dr-sutanu-hazra-orthopedic-surgeon-kolkata-922252db-1eef-4abc-b679-0905f5ede7f0.jpg,/kolkata/doctor/dr-sutanu-hazra-orthopedist?practice_id=1250516&specialization=Orthopedist&referrer=doctor_listing&page_uid=313e1d57-92f3-42a3-acd2-786d7174e4a0,Dr. Sutanu Hazra,Orthopedist,MBBS,Banaras Hindu University,2000,MS - Orthopaedics,Banaras Hindu University,2002,22,Kolkata,Mukundapur,Hospital,Manipal Hospitals,1000,,67,3,3,"8/7/2024, 3:04:26 PM",4
26,841606,1029838,1250516,https://imagesx.practo.com/providers/dr-souvik-paul-orthopedic-surgeon-kolkata-c6a67e1e-51ed-48e5-9068-4143aea6c55d.jpg,/kolkata/doctor/souvik-paul-orthopedist-1?practice_id=1250516&specialization=Orthopedist&referrer=doctor_listing&page_uid=313e1d57-92f3-42a3-acd2-786d7174e4a0,Dr. Souvik Paul,Orthopedist,MBBS,Burdwan Medical College,2015,MS - Orthopaedics,"All India Institute of Medical Sciences, Rishikesh",2019,9,Kolkata,Mukundapur,Hospital,Manipal Hospitals,800,,,0,0,"8/7/2024, 3:04:26 PM",5
27,686847,281558,1033173,https://imagesx.practo.com/providers/dr-sanjoy-bagchi-orthopedic-surgeon-kolkata-bb24438c-251f-4133-aae9-e4574dc29bef.jpg,/kolkata/doctor/dr-sanjoy-bagchi-orthopedist?practice_id=1033173&specialization=Orthopedist&referrer=doctor_listing&page_uid=313e1d57-92f3-42a3-acd2-786d7174e4a0,Dr. Sanjoy Bagchi,Orthopedist,MBBS,"Medical College, Calcutta",1989,MS - Orthopaedics,"Medical College, Calcutta",1994,26,Kolkata,Dhakuria,Hospital,Manipal Hospitals,1100,"Dr. Sanjoy Bagchi is a Trauma Surgeon and Orthopaedician presently practices at NH Narayana Multispeciality Hospital (Kolkata). He accomplished his MBBS and MS (Ortho) from Calcutta Medical College. He served more than 15 years, during the span he solved many complicated cases, successfully and precisely.   Dr. Bagchi is a prominent Trauma Surgeon known for his expertise in treating acute physical injuries on an emergency basis and during this trauma surgery, he encompasses treatment of the most severe, life-threatening, penetrating and blunt force injuries. Moreover, he performs all surgical procedures that are necessary on an immediate basis, as well as for follow-up surgery.    Other than that, Dr. Bagchi treats the injuries of the musculoskeletal system and takes care of bones, joints, ligaments, tendons, muscles and nerves. Dr. Bagchi is also specialized in arthroscopy surgery of knee ligaments like ACL repair, PCL repair, and meniscus arthroscopic surgery.  ",90,39,22,"8/7/2024, 3:04:26 PM",6
28,763820,846008,1327211,https://imagesx.practo.com/providers/dr-abhishek-das-orthopedic-surgeon-kolkata-c9ed8bd0-f539-4299-bcd0-9b46ab516755.jpg,/kolkata/doctor/abhishek-das-ortho-surgeon?practice_id=1327211&specialization=Orthopedist&referrer=doctor_listing&page_uid=313e1d57-92f3-42a3-acd2-786d7174e4a0,Dr. Abhishek Das,Orthopedist,MBBS,West Bengal State University,2012,DNB - Orthopedics/Orthopedic Surgery,"National Board of Examination, India",2018,12,Kolkata,Tollygunge,Clinic,Safe Care Health Services,1000,"To serve the humanity is main motto upto my ability and credibility. Spreading love and gratitude. Schooling from Rama Krishna Mission, Under graduated from NRS Medical College, Kolkata, Post graduated from Kovai Medical Centre and Hospital, Coimbatore, had opportunity to learn from the gems of various sub speciality fields of Orthopaedics, ffrom here only I grew my love and passion for Orthopaedics. There after I practiced and got experienced from Maa Ram Pyari Ortho Centre, Ranchi and thereafter Apollo Gleneagles Hospital, Kolkata. Spend few months in Korea University Medical Centre, Guro Hospital, Seoul, South Korea for learning Deformity Correction and Paediatric Orthopaedics under the guidance of Pioneer in Paediatric Orthopaedics Prof H. R. Song. Then came back to my beloved City of Joy and still practising here. Now getting trained in Shoulder arthroscopy and arthroplasty from direct hands of Dr Abheek Kar. Currently attached to Apollo Gleneagles Hospital, Spandan Hospital, Kolkata.",,0,0,"8/7/2024, 3:04:26 PM",7
29,885879,1094154,711006,https://imagesx.practo.com/providers/dr-shaswat-agrawal-orthopedic-surgeon-kolkata-b2a7137d-b8fb-414f-86fd-4b0225e00e26.jpg,/kolkata/doctor/dr-shaswat-agrawal-orthopedist?practice_id=711006&specialization=Orthopedist&referrer=doctor_listing&page_uid=313e1d57-92f3-42a3-acd2-786d7174e4a0,Dr. Shaswat Agrawal,Orthopedist,MBBS,Rajiv Gandhi University of Health Sciences,2012,MS - Orthopaedics,J S S Academy of H E & Research,2020,11,Kolkata,Baghajatin,Hospital,IRIS Hospital,500,,,0,0,"8/7/2024, 3:04:26 PM",8
30,845373,889731,1274844,https://imagesx.practo.com/providers/dr-suday-mukhopadhyay-orthopedic-surgeon-kolkata-9929dc85-f334-4b34-8a72-be6d92b3563e.jpg,/kolkata/doctor/suday-mukherjee-orthopedist-1?practice_id=1274844&specialization=Orthopedist&referrer=doctor_listing&page_uid=313e1d57-92f3-42a3-acd2-786d7174e4a0,Dr. Suday Mukhopadhyay,Orthopedist,MBBS,University Of Calcutta,2000,MS - Orthopaedics,West Bengal University of Health Sciences,2017,24,Kolkata,Beliaghata,Clinic,Techno India Dama Healthcare & Medical Centre,700,,100,1,1,"8/7/2024, 3:04:26 PM",9
31,838099,876124,1033173,https://imagesx.practo.com/providers/dr-shomik-sarkar-joint-replacement-surgeon-kolkata-dc3e2275-80fd-4152-a6ea-0091fc5bf1ad.jpg,/kolkata/doctor/shomik-sarkar-orthopedist?practice_id=1033173&specialization=Orthopedist&referrer=doctor_listing&page_uid=82935468-8025-43f2-9fac-8fbfdae15f50,Dr. Shomik Sarkar,Orthopedist,MBBS,"Rajiv Gandhi University of Health Sciences, Bangalore, India",2011,Diploma in Orthopaedics,JJMMC Davangere RGUHS Bangalore,2014,13,Kolkata,Dhakuria,Hospital,Manipal Hospitals,800,,,2,0,"8/7/2024, 3:04:26 PM",0
32,754424,911607,735842,https://imagesx.practo.com/providers/dr-arunangsu-bhattacharyya-orthopedic-surgeon-kolkata-3e0edf5f-267e-4b40-a6f2-70d145c14ce5.jpg,/kolkata/doctor/arunangsu-bhattacharyya-orthopedist?practice_id=735842&specialization=Orthopedist&referrer=doctor_listing&page_uid=82935468-8025-43f2-9fac-8fbfdae15f50,Dr. Arunangsu Bhattacharyya,Orthopedist,MBBS,Burdwan Medical College,1995,MS - Orthopaedics,Sambalpur University,2000,29,Kolkata,Salt Lake,Hospital,Manipal Hospital Broadway,1000,,67,3,1,"8/7/2024, 3:04:26 PM",1
33,597730,568962,711006,https://imagesx.practo.com/providers/dr-arunava-lala-orthopedic-surgeon-kolkata-c860e4b2-4dd6-45ba-81a8-07017af021bf.jpg,/kolkata/doctor/dr-arunava-lala-orthopedist?practice_id=711006&specialization=Orthopedist&referrer=doctor_listing&page_uid=82935468-8025-43f2-9fac-8fbfdae15f50,Dr. Arunava Lala,Orthopedist,MBBS,"Rajiv Gandhi University of Health Sciences, Bangalore, India",2006,MS - Orthopaedics,Ch. Charan Singh University,2009,18,Kolkata,Baghajatin,Hospital,IRIS Hospital,700,Joint Replacemernt and Orthopaedic Trauma surgeon with vast experience working in various hospitals of Kolkata.,50,6,3,"8/7/2024, 3:04:26 PM",2
34,931116,813662,1465502,https://imagesx.practo.com/providers/dr-suhas-ranjan-bala-pediatric-orthopedic-surgeon-kolkata-43e9b8b8-8f48-4be1-91f3-b471c10005c8.jpg,/kolkata/doctor/dr-dr-suhas-ranjan-bala-orthopedist?practice_id=1465502&specialization=Orthopedist&referrer=doctor_listing&page_uid=82935468-8025-43f2-9fac-8fbfdae15f50,Dr. Suhas Ranjan Bala,Orthopedist,MBBS,Calcutta University,1982,DO,Calcutta University,1985,29,Kolkata,Beliaghata,Clinic,Apollo Clinic,1000,,100,1,1,"8/7/2024, 3:04:26 PM",3
35,863114,599781,1274844,https://imagesx.practo.com/providers/dr-soumya-kanti-bhattacharjee-orthopedic-surgeon-kolkata-a8b5aaf9-aeaf-430b-8573-8dd36943ff45.jpg,/kolkata/doctor/dr-soumya-kanti-bhattacharjee-2-orthopedist?practice_id=1274844&specialization=Orthopedist&referrer=doctor_listing&page_uid=82935468-8025-43f2-9fac-8fbfdae15f50,Dr. Soumya Kanti Bhattacharjee,Orthopedist,MBBS,University of North Bengal,2005,DMRT,West Bengal University of Health Sciences,2010,18,Kolkata,Beliaghata,Clinic,Techno India Dama Healthcare & Medical Centre,700,,,1,0,"8/7/2024, 3:04:26 PM",4
36,856886,1052478,711006,https://imagesx.practo.com/providers/dr-asish-kumar-mandal-orthopedic-surgeon-kolkata-706a6d2e-ba26-4f5a-af82-b1915f097191.jpg,/kolkata/doctor/dr-asish-kumar-mandal-orthopedist?practice_id=711006&specialization=Orthopedist&referrer=doctor_listing&page_uid=82935468-8025-43f2-9fac-8fbfdae15f50,Dr. Asish Kumar Mandal,Orthopedist,MBBS,University Of Calcutta,2007,DNB - Orthopedics/Orthopedic Surgery,"National Board of Education, New Delhi",2016,16,Kolkata,Baghajatin,Hospital,IRIS Hospital,400,,,0,0,"8/7/2024, 3:04:26 PM",5
37,845375,1035132,1274844,https://imagesx.practo.com/providers/dr-abhik-ray-orthopedic-surgeon-kolkata-e13841ea-45aa-4a42-b1af-cdee3b0e0616.jpg,/kolkata/doctor/dr-abhik-ray-orthopedist?practice_id=1274844&specialization=Orthopedist&referrer=doctor_listing&page_uid=82935468-8025-43f2-9fac-8fbfdae15f50,Dr. Abhik Ray,Orthopedist,MBBS,The West Bengal University of Health Science ,2010,MS - Orthopaedics,The West Bengal University of Health Science ,2015,13,Kolkata,Beliaghata,Clinic,Techno India Dama Healthcare & Medical Centre,600,,100,1,0,"8/7/2024, 3:04:26 PM",6
38,835026,1020203,1274844,https://imagesx.practo.com/providers/dr-abhijit-sen-orthopedic-surgeon-kolkata-e71e424a-c119-4dad-9c68-28b6155d8b72.jpg,/kolkata/doctor/dr-abhijit-sen-orthopedist?practice_id=1274844&specialization=Orthopedist&referrer=doctor_listing&page_uid=82935468-8025-43f2-9fac-8fbfdae15f50,Dr. Abhijit Sen,Orthopedist,MBBS,Tripura University,2014,MS - Orthopaedics,Rajasthan University Of Health Sciences,2019,9,Kolkata,Beliaghata,Clinic,Techno India Dama Healthcare & Medical Centre,600,,100,1,1,"8/7/2024, 3:04:26 PM",7
39,863106,869476,1274844,https://imagesx.practo.com/providers/dr-debasish-naskar-orthopedic-surgeon-kolkata-200b08dd-3f36-4e3b-8a9e-97191a39661b.jpg,/kolkata/doctor/uddalak-chakrabarty-general-physician?practice_id=1274844&specialization=Orthopedist&referrer=doctor_listing&page_uid=82935468-8025-43f2-9fac-8fbfdae15f50,Dr. Debasish Naskar,Orthopedist,MBBS,Calcutta University,2010,MS - Orthopaedics,Burdaman Medical college,2015,14,Kolkata,Beliaghata,Clinic,Techno India Dama Healthcare & Medical Centre,700,,,0,0,"8/7/2024, 3:04:26 PM",8
40,863133,1062759,1274844,https://imagesx.practo.com/providers/dr-jieshnu-mukhopadhyay-orthopedic-surgeon-kolkata-d93f5970-0a8f-49d4-885f-7445f4a2b5c2.jpg,/kolkata/doctor/dr-jieshnu-mukhopadhyay-orthopedist?practice_id=1274844&specialization=Orthopedist&referrer=doctor_listing&page_uid=82935468-8025-43f2-9fac-8fbfdae15f50,Dr. Jieshnu Mukhopadhyay,Orthopedist,MBBS,West Bengal University of Health Sciences,2017,Diploma in Orthopaedics,West Bengal University of Health Sciences,2021,6,Kolkata,Beliaghata,Clinic,Techno India Dama Healthcare & Medical Centre,600,,100,1,1,"8/7/2024, 3:04:26 PM",9
41,863122,1062755,1274844,https://imagesx.practo.com/providers/dr-arijit-chowdhury-orthopedic-surgeon-kolkata-2236f3e8-70bf-4646-aef4-671decf1b939.jpg,/kolkata/doctor/dr-arijit-chowdhury-orthopedist?practice_id=1274844&specialization=Orthopedist&referrer=doctor_listing&page_uid=4e865fab-738e-47d9-aba9-3a1205f20196,Dr. Arijit Chowdhury,Orthopedist,MBBS,University of North Bengal,2002,Diploma in Orthopaedics,West Bengal University of Health Sciences,2012,21,Kolkata,Beliaghata,Clinic,Techno India Dama Healthcare & Medical Centre,700,,,0,0,"8/7/2024, 3:04:26 PM",0
42,863108,1016518,1274844,https://imagesx.practo.com/providers/dr-oisharya-banerjee-orthopedic-surgeon-kolkata-4547133f-5504-4969-b891-f91bdf138720.jpg,/kolkata/doctor/oisharya-ortho-surgeon?practice_id=1274844&specialization=Orthopedist&referrer=doctor_listing&page_uid=4e865fab-738e-47d9-aba9-3a1205f20196,Dr. Oisharya Banerjee,Orthopedist,MBBS,West Bengal University of Health Sciences,2015,MS - Orthopaedics,West Bengal University of Health Sciences,2021,9,Kolkata,Beliaghata,Clinic,Techno India Dama Healthcare & Medical Centre,600,"He has done his MBBS from R G Kar Medical College and Hospital, one of the premier government medical colleges in Kolkata and his Master of Surgery MS in Orthopaedics from Calcutta Medical College. He has been an AO Certified Trauma Surgeon and life member of Indian Orthopaedic Association, Indian Arthroscopy Society and the West Bengal Orthopaedic Association",,0,0,"8/7/2024, 3:04:26 PM",1
43,863127,927387,1274844,https://imagesx.practo.com/providers/dr-aritra-bidyananda-orthopedic-surgeon-kolkata-123f9db0-4fb4-459f-9eda-2752fb6dbc29.jpg,/kolkata/doctor/dr-aritra-bidyananda-orthopedist?practice_id=1274844&specialization=Orthopedist&referrer=doctor_listing&page_uid=4e865fab-738e-47d9-aba9-3a1205f20196,Dr. Aritra Bidyananda,Orthopedist,MBBS,West Bengal University of Health Sciences,2012,MS - Orthopaedics,Srimanta Sankaradeva University of Health Sciences,2018,10,Kolkata,Beliaghata,Clinic,Techno India Dama Healthcare & Medical Centre,700,,,0,0,"8/7/2024, 3:04:26 PM",2
44,863117,1147706,1274844,https://imagesx.practo.com/providers/dr-abhilash-anil-nair-spine-surgeon-ortho-kolkata-1d907f7d-76e2-485f-b0da-92d137a814e8.jpg,/kolkata/doctor/abhilash-anil-nair-spine-surgeon?practice_id=1274844&specialization=Orthopedist&referrer=doctor_listing&page_uid=4e865fab-738e-47d9-aba9-3a1205f20196,Dr. Abhilash Anil Nair,Orthopedist,MBBS,West Bengal University of Health Sciences,2017,MS - Orthopaedics,"West Bengal University of Health Sciences, ",2021,6,Kolkata,Beliaghata,Clinic,Techno India Dama Healthcare & Medical Centre,600,,,0,0,"8/7/2024, 3:04:26 PM",3
45,863124,869222,1274844,https://imagesx.practo.com/providers/dr-prashant-kumar-ortho-surgeon-kolkata-5059f8ec-27b6-4ccc-a5cf-45a0933e775e.jpg,/kolkata/doctor/dr-prashant-kumar-2-ortho-surgeon?practice_id=1274844&specialization=Orthopedist&referrer=doctor_listing&page_uid=4e865fab-738e-47d9-aba9-3a1205f20196,Dr. Prashant Kumar,Orthopedist,MBBS,"IPGMER,KOLKATA,West Bengal University of Health Sciences",2014,MS - Orthopaedics,West Bengal State University,2019,9,Kolkata,Beliaghata,Clinic,Techno India Dama Healthcare & Medical Centre,800,,,0,0,"8/7/2024, 3:04:26 PM",4
46,863126,1052944,1274844,https://imagesx.practo.com/providers/dr-sondipon-biswas-orthopedic-surgeon-kolkata-88aeb450-8a95-49cf-bcf4-bb2ef12e1dbc.jpg,/kolkata/doctor/sondipon-biswas-orthopedist?practice_id=1274844&specialization=Orthopedist&referrer=doctor_listing&page_uid=4e865fab-738e-47d9-aba9-3a1205f20196,Dr. Sondipon Biswas,Orthopedist,MBBS,West Bengal University of Health Sciences,2012,MS - Orthopaedics,"Chhatrapati Shahu Ji Maharaj University, Kanpur",2017,11,Kolkata,Beliaghata,Clinic,Techno India Dama Healthcare & Medical Centre,900,,,0,0,"8/7/2024, 3:04:26 PM",5
47,863332,1062761,1274844,https://imagesx.practo.com/providers/dr-swarnava-dattagupta-orthopedic-surgeon-kolkata-66e8e827-0d86-4c1e-9bc3-152d2f98cede.jpg,/kolkata/doctor/dr-swarnava-dattagupta-orthopedist?practice_id=1274844&specialization=Orthopedist&referrer=doctor_listing&page_uid=4e865fab-738e-47d9-aba9-3a1205f20196,Dr. Swarnava Dattagupta,Orthopedist,MBBS,West Bengal University of Health Sciences,2014,DNB - Orthopedics/Orthopedic Surgery,"National Board of Examination, India",2018,9,Kolkata,Beliaghata,Clinic,Techno India Dama Healthcare & Medical Centre,900,,,0,0,"8/7/2024, 3:04:26 PM",6
48,863134,1062760,1274844,https://imagesx.practo.com/providers/dr-swarnabha-mukhopadhyay-orthopedic-surgeon-kolkata-df96268e-b50f-4bc2-bafe-620343947e3a.jpg,/kolkata/doctor/dr-swarnabha-mukhopadhyay-orthopedist?practice_id=1274844&specialization=Orthopedist&referrer=doctor_listing&page_uid=4e865fab-738e-47d9-aba9-3a1205f20196,Dr. Swarnabha Mukhopadhyay,Orthopedist,MBBS,West Bengal University of Health Sciences,2015,MS - Orthopaedics,West Bengal University of Health Sciences,2021,9,Kolkata,Beliaghata,Clinic,Techno India Dama Healthcare & Medical Centre,900,,,0,0,"8/7/2024, 3:04:26 PM",7
49,687660,577126,735842,https://imagesx.practo.com/providers/dr-manoj-kumar-khemani-orthopedic-surgeon-kolkata-2f604e7d-3a4b-47b9-849f-1182f6260338.jpg,/kolkata/doctor/dr-manoj-kumar-khemani-orthopedist-1?practice_id=735842&specialization=Orthopedist&referrer=doctor_listing&page_uid=4e865fab-738e-47d9-aba9-3a1205f20196,Dr. Manoj Kumar Khemani,Orthopedist,MBBS,Bankura Sammilani Medical College & Hospital,2002,M.Ch - Orthopaedics,"USAIM (University of Seychelles,American Institute of Medicine)",2015,22,Kolkata,Salt Lake,Hospital,Manipal Hospital Broadway,1000,"Dr. Manoj Kumar Khemani is a highly qualified and experienced Orthopaedic surgeon and an accomplished clinician. He has an experience of treating more than 8000 patients. He is an alumnus of B. S. Medical College, Calcutta University and received his specialist training from the prestigious Dr. D. Y. Patil Medical College, Pune. He completed his Mch. Ortho degree from the University of Seychelles and Advanced trauma life support course from AIIMS.  He has rich expertise in Joint Replacement surgeries, Complex Trauma, Sports and Spinal injuries. He also specializes in General and Elderly orthopedics. He has a special interest in osteoporosis and related complications.  Dr. Manoj Kumar Khemani is a member of the Indian Medical Association Indian Orthopedics Association and West Bengal Orthopaedic Association. He is also a life member of Trauma Society of India, Indian Arthroscopy Society & West Bengal Arthroplasty Society. He works from his clinic Healing Touch in Bangor Avenue. He is fully dedicated to his patients.",91,32,15,"8/7/2024, 3:04:26 PM",8
